{
    "name": "hotspotlogin",
    "description": "Use this to Update your price and Logos on the customer interface.",
    "title": "NETXTREME WIFI LOGIN",
    "wifi_name": "NETXTREME WIFI",
    "developers": "Technox Solutions",
    "server": "",
    "logo": "ezlogo.png",

    "lnmoapi": "https://netxtreme.wispman.net/index.php?_route=mpesa/post",
    "lnmoapi2": "https://netxtreme.wispman.net/index.php?_route=mpesa/code",
    "lnmoapi3": "https://netxtreme.wispman.net/index.php?_route=mpesa/stkquery",
    "lnmoapi4": "https://netxtreme.wispman.net/system/cron.php",
    "lnmoapi5": "https://netxtreme.wispman.net/index.php?_route=mpesa/reconnect",
    "shortcode": "0",
    "router": "NETXTREME_HOTSPOT",
    "paybill": 0,
    "paybill_no": "0",
    "quota": [{
            "quota_limit": "2 Hours",
            "price": "10",
            "duration_limit": "2 hours",
            "speeds": "MAX 3mbps",
            "color": "red"
          },  
          {
            "quota_limit": "4 Hours",
            "price": "15",
            "duration_limit": "4 hours",
            "speeds": "MAX 3mbps",
            "color": "green"
          }, 
          {
            "quota_limit": "6 Hours",
            "price": "20",
            "duration_limit": "6 hours",
            "speeds": "MAX 3mbps",
            "color": "green"
          }
          ],
    "duration": [
          { 
           "quota_limit": "24 Hours",
            "price": "30",
            "duration_limit": "24 Hours",
            "speeds": "MAX 3mbps",
            "color": "blue"
           },
           {
            "quota_limit": "1 Week",
            "price": "200",
            "duration_limit": "1 week",
            "speeds": "MAX 5mbps",
            "color": "pink"
          }
          ]
        }
